FECHA;DIA;TMax;HTMax;TMin;HTMin;TMed;HumMax;HumMin;HumMed;VelViento;DirViento;Rad;Precip;ETo
2015-12-30;365;19.2;12:02;8.6;4:06;13.9;98.8;49.3;71.4;0.6;337.2;9.9;0.0;1.04
2015-12-29;363;18.8;12:38;10.4;4:32;14.2;100.0;64.7;81.2;1.0;292.7;8.5;0.0;1.07
2015-12-29;364;18.8;12:14;11.0;22:22;14.4;89.3;55.6;70.2;1.2;328.2;10.0;0.0;1.32
2015-12-28;362;18.9;10:00;11.6;23:48;15.8;89.0;47.4;66.1;1.2;280.8;9.3;0.0;1.38
2015-12-27;361;19.6;13:48;12.5;6:30;15.8;72.9;48.3;61.1;2.0;35.8;9.4;0.0;1.98
2015-12-26;360;20.2;13:04;12.1;8:00;15.0;81.1;47.2;70.2;1.2;46.9;9.8;0.0;1.53
2015-12-25;359;19.8;12:00;11.1;3:40;14.7;82.5;50.0;68.6;1.4;355.1;9.4;0.0;1.56
2015-12-24;358;18.5;12:04;11.2;7:10;13.8;83.8;57.3;72.7;1.2;15.8;8.1;0.0;1.3
2015-12-23;357;19.1;12:06;10.3;6:58;14.1;83.9;57.6;75.3;1.3;13.6;8.4;0.0;1.35
2015-12-22;356;20.2;14:04;11.4;6:48;14.7;83.5;52.9;73.2;1.1;42.9;9.7;0.0;1.38
2015-12-21;355;19.2;12:16;10.0;3:48;13.9;86.0;58.0;72.4;0.9;15.3;9.0;0.0;1.16
2015-12-20;354;17.0;12:50;5.5;7:02;11.1;100.0;62.7;81.9;0.4;262.1;9.9;0.0;0.8
2015-12-19;353;19.7;11:24;6.3;23:54;12.0;100.0;56.0;81.3;0.4;246.7;10.2;0.0;0.89
2015-12-18;352;18.5;10:52;6.9;4:58;12.9;100.0;51.1;81.1;0.3;234.2;7.8;0.0;0.79
2015-12-17;351;21.1;13:58;9.2;23:58;16.1;78.6;35.1;55.4;0.8;319.2;9.4;0.0;1.32
2015-12-16;350;22.9;14:00;9.5;5:52;16.0;87.3;29.0;52.8;0.6;314.8;9.4;0.0;1.24
2015-12-15;349;19.5;12:34;8.2;7:20;13.6;100.0;47.8;75.5;0.5;284.3;9.7;0.0;0.97
2015-12-14;348;17.9;13:56;9.8;22:30;13.5;100.0;61.1;79.8;0.6;328.2;6.1;0.0;0.88
2015-12-13;347;18.3;11:50;10.3;23:18;14.0;91.7;55.9;74.6;1.1;314.9;8.9;0.0;1.21
2015-12-12;346;20.2;12:02;11.1;23:10;15.9;87.4;46.2;64.1;1.2;12.0;8.0;0.0;1.46
2015-12-11;345;19.8;13:54;13.5;20:56;16.3;71.9;42.4;60.6;1.7;49.2;9.0;0.0;1.95
2015-12-10;344;20.5;13:14;14.1;23:06;17.2;76.6;49.4;64.3;1.6;64.8;8.4;0.0;1.77
2015-12-09;343;20.2;12:54;12.1;4:36;16.4;78.7;48.5;64.8;1.5;71.8;7.5;0.0;1.67
2015-12-08;342;20.4;11:44;11.3;1:24;14.8;91.7;54.5;77.1;0.9;10.2;8.3;0.0;1.24
2015-12-07;341;21.3;11:56;12.7;23:04;15.7;88.7;50.1;69.9;1.0;40.0;10.1;0.0;1.43
2015-12-06;340;20.2;12:26;11.2;3:50;14.7;86.0;53.3;73.7;1.4;23.1;9.8;0.0;1.56
2015-12-05;339;19.7;10:50;10.5;6:56;14.1;91.5;55.6;75.9;1.0;0.7;10.1;0.0;1.29
2015-12-04;338;19.2;11:58;11.3;6:42;14.7;92.2;60.9;78.1;1.0;8.1;9.9;0.0;1.23
2015-12-03;337;21.0;11:34;10.6;6:34;15.3;85.8;41.1;66.5;1.0;14.1;10.1;0.0;1.51
2015-12-02;336;18.8;13:46;10.0;7:10;13.4;97.1;50.3;69.7;0.9;328.1;9.7;0.0;1.23
2015-12-01;335;19.4;10:50;10.0;23:10;14.1;89.9;33.8;60.8;1.1;355.8;11.0;0.0;1.56
2015-11-30;334;21.2;13:36;11.0;4:34;14.9;85.4;39.3;62.1;1.5;41.1;11.3;0.0;1.94
2015-11-29;333;21.5;12:40;11.7;5:38;15.7;82.7;43.0;60.0;1.5;39.1;11.3;0.0;1.93
2015-11-28;332;19.4;10:58;11.8;7:18;15.2;92.4;43.9;69.6;1.1;339.8;11.2;0.0;1.5
2015-11-27;331;21.4;10:22;9.4;5:44;16.1;81.4;31.4;58.8;0.9;298.1;8.8;0.0;1.55
2015-11-26;330;22.0;15:00;8.0;2:10;15.6;86.3;21.0;61.1;0.9;274.5;11.8;0.0;1.66
2015-11-25;329;18.4;12:14;9.2;5:48;12.7;81.9;41.7;57.3;1.1;306.6;10.0;0.0;1.53
2015-11-24;328;17.3;12:18;8.4;4:38;12.6;59.1;24.4;43.6;1.6;309.6;11.9;0.0;2.14
2015-11-23;327;17.7;12:14;10.1;5:58;12.8;68.9;31.7;49.4;1.5;346.7;10.8;0.0;1.99
2015-11-22;326;18.4;11:24;10.0;19:42;13.9;74.8;19.2;46.2;1.8;334.8;5.4;0.2;2.37
2015-11-21;325;24.8;14:50;10.8;3:18;17.7;100.0;28.4;66.6;1.3;323.5;10.6;0.0;2.16
2015-11-20;324;21.5;14:46;10.5;6:56;15.8;100.0;62.2;80.8;0.6;243.8;10.9;0.0;1.27
2015-11-19;323;20.8;12:06;12.5;23:46;15.8;100.0;49.4;75.8;0.9;313.0;11.2;0.0;1.49
2015-11-18;322;21.3;11:54;13.5;6:44;16.7;93.5;46.0;68.4;0.9;354.0;11.9;0.0;1.61
2015-11-17;321;22.4;12:32;12.6;3:14;16.8;98.8;36.2;66.0;0.8;333.7;12.2;0.0;1.65
2015-11-16;320;21.4;12:36;12.8;22:04;16.9;100.0;64.1;77.6;1.2;300.7;12.1;0.0;1.58
2015-11-15;319;22.2;11:24;15.5;2:36;18.6;77.7;54.6;69.6;1.1;314.7;11.0;0.0;1.8
2015-11-14;318;23.4;12:16;16.5;19:52;19.1;78.5;39.3;65.7;1.2;55.4;10.5;0.0;2.09
2015-11-13;317;22.0;11:36;15.8;7:16;18.0;82.7;54.5;71.2;1.1;9.3;12.2;0.0;1.85
2015-11-12;316;22.2;11:44;12.8;6:42;17.1;86.0;55.4;71.8;1.1;24.9;12.3;0.0;1.8
2015-11-11;315;21.8;12:56;13.1;3:08;17.8;87.1;54.4;72.2;0.8;29.0;13.1;0.0;1.69
2015-11-10;314;25.1;11:12;14.5;21:02;18.7;99.1;40.4;71.7;1.0;36.8;13.2;0.0;2.08
2015-11-09;313;24.3;14:24;16.6;23:36;19.7;81.4;40.1;65.5;1.5;69.2;13.2;0.0;2.51
2015-11-08;312;24.4;14:12;15.7;5:38;19.7;80.4;46.5;65.1;1.4;63.9;13.6;0.0;2.39
2015-11-07;311;25.2;12:10;16.5;6:00;20.4;78.3;43.0;65.3;1.4;68.1;13.5;0.0;2.52
2015-11-06;310;24.6;9:58;14.9;3:44;19.5;94.9;45.0;74.5;0.9;349.6;13.1;0.0;2.02
2015-11-05;309;22.4;12:26;14.5;0:58;18.1;100.0;69.5;85.1;0.7;289.1;13.4;0.0;1.71
2015-11-04;308;23.1;12:30;15.1;23:18;19.0;100.0;60.5;78.6;0.8;258.6;12.6;0.0;1.79
2015-11-03;307;22.2;11:04;12.7;1:34;17.3;91.5;53.2;78.1;1.4;299.9;12.3;0.0;2.06
2015-11-02;306;20.5;15:38;12.9;22:26;16.8;91.7;51.3;73.3;1.4;265.4;5.7;3.6;1.66
2015-11-01;305;24.2;12:42;17.7;0:00;21.1;88.3;50.0;61.3;3.1;65.1;10.9;7.2;3.0
2015-10-31;304;24.3;12:32;17.6;1:08;20.6;77.3;46.8;61.7;1.7;63.0;14.0;0.0;2.77
2015-10-30;303;26.2;13:16;15.9;6:12;20.2;81.0;41.7;66.1;1.4;61.2;14.5;0.0;2.79
2015-10-29;302;23.5;10:52;15.7;6:38;19.1;89.3;48.9;67.2;1.2;39.7;13.9;0.0;2.31
2015-10-28;301;23.7;12:36;14.2;6:22;19.1;83.0;38.0;63.1;1.5;300.3;15.9;0.0;2.76
2015-10-27;300;24.0;9:58;16.1;6:54;20.0;100.0;61.5;79.4;1.9;264.8;11.0;0.0;2.17
2015-10-26;299;21.4;15:58;16.5;13:04;19.0;98.7;59.7;79.6;0.8;9.8;6.4;5.8;1.39
2015-10-25;298;22.1;10:34;17.5;3:28;19.9;92.0;58.7;71.0;1.0;49.3;6.0;0.8;1.53
2015-10-24;297;22.2;10:32;17.9;6:04;19.7;83.6;54.3;70.5;0.6;41.4;3.9;0.0;1.28
2015-10-23;296;23.2;12:32;16.3;6:10;19.9;89.6;62.6;74.0;0.8;74.9;15.0;0.0;2.21
2015-10-22;295;23.0;10:02;15.6;6:44;19.2;87.0;54.5;74.1;1.2;336.4;15.4;0.0;2.45
2015-10-21;294;23.6;13:06;16.7;0:00;20.1;92.3;72.5;81.6;1.0;103.2;12.8;0.0;2.05
2015-10-20;293;23.6;13:36;15.8;6:42;20.0;100.0;72.0;85.3;0.9;70.5;8.4;58.2;1.58
2015-10-19;292;24.2;9:38;16.9;4:46;20.8;100.0;67.5;84.3;0.7;105.7;14.0;0.0;2.16
2015-10-18;291;26.1;10:10;18.6;23:08;22.1;100.0;46.0;70.2;1.1;86.9;12.9;9.6;2.51
2015-10-17;290;28.4;12:36;20.3;0:00;23.8;81.8;29.4;55.1;1.8;44.8;16.2;0.0;3.85
2015-10-16;289;27.5;12:02;17.7;1:56;22.1;92.3;51.1;71.3;1.3;65.5;15.8;0.0;2.98
2015-10-15;288;24.6;10:36;18.3;23:46;20.9;91.6;60.2;77.7;0.9;85.4;17.1;0.0;2.69
2015-10-14;287;24.5;15:38;16.4;2:24;20.6;93.0;58.9;78.3;0.9;88.9;17.4;0.0;2.68
2015-10-13;286;23.9;15:26;17.4;23:54;21.3;100.0;64.1;82.7;2.0;242.8;16.4;1.8;2.77
2015-10-12;285;27.2;11:34;17.7;6:32;22.3;90.4;53.4;75.5;1.9;248.4;18.1;0.0;3.49
2015-10-11;284;25.6;13:44;18.0;5:50;21.8;91.1;60.1;76.5;2.2;259.4;16.4;0.0;3.18
2015-10-10;283;24.5;13:14;17.5;6:16;20.7;84.4;59.2;73.3;1.0;70.4;16.8;0.0;2.78
2015-10-09;282;27.3;11:08;17.9;23:34;21.4;87.6;44.2;68.8;0.9;81.2;14.1;0.0;2.76
2015-10-08;281;26.4;10:40;18.9;23:20;22.2;78.0;47.1;65.7;1.2;73.5;11.8;0.0;2.75
2015-10-07;280;26.5;10:28;17.5;1:56;21.8;86.6;46.0;68.9;0.7;73.8;13.2;0.0;2.5
2015-10-06;279;27.7;13:20;18.8;23:42;23.9;86.5;51.8;69.6;2.1;261.0;16.9;0.0;3.68
2015-10-05;278;28.2;12:02;20.2;2:08;23.5;90.5;61.9;79.8;0.7;199.2;11.1;0.0;2.3
2015-10-04;277;28.2;13:00;18.4;5:34;22.8;89.2;53.2;74.5;0.8;174.9;16.3;0.0;2.99
2015-10-03;276;26.5;12:40;19.3;2:16;22.7;91.4;46.7;74.6;0.9;219.9;11.7;0.0;2.52
2015-10-02;275;24.5;15:16;17.1;6:26;21.1;90.4;62.9;77.6;0.8;227.0;19.2;0.0;3.03
2015-10-01;274;24.8;14:04;17.3;1:44;21.0;83.6;51.7;70.2;0.9;203.8;19.4;0.0;3.19
2015-09-30;273;24.9;11:02;18.8;0:24;21.3;84.4;51.9;71.4;1.0;236.4;18.6;0.0;3.22
2015-09-29;272;24.2;10:40;19.2;0:00;21.7;81.9;50.0;66.2;1.5;74.0;7.3;0.8;2.37
2015-09-28;271;28.6;13:00;19.5;4:14;23.8;69.9;37.2;54.6;1.9;61.2;20.2;0.0;4.57
2015-09-27;270;27.2;10:06;18.1;6:06;22.9;84.7;51.9;67.8;1.3;88.4;19.0;0.0;3.6
2015-09-26;269;25.3;12:38;17.0;6:06;21.2;92.4;57.5;74.6;0.8;139.7;19.4;0.0;3.2
2015-09-25;268;25.5;12:50;17.9;23:56;21.7;90.8;55.7;71.7;0.9;170.6;20.6;0.0;3.44
2015-09-24;267;26.7;12:38;19.0;23:58;22.9;86.6;58.4;74.0;0.8;118.5;20.2;0.0;3.49
2015-09-23;266;29.7;11:00;15.7;6:12;22.9;94.1;35.8;73.5;0.9;136.1;20.3;0.0;3.78
2015-09-22;265;28.8;15:52;18.6;1:56;22.3;94.7;42.3;79.2;0.9;183.5;18.9;0.0;3.59
2015-09-21;264;26.4;13:02;19.6;2:50;22.4;93.9;51.6;79.5;1.1;225.6;18.6;0.0;3.47
2015-09-20;263;27.7;9:48;20.0;0:00;23.0;91.8;47.9;70.3;0.9;137.1;20.8;0.0;3.78
2015-09-19;262;30.4;12:22;21.3;23:56;25.3;63.4;32.8;48.6;1.8;71.9;19.4;0.0;4.93
2015-09-18;261;28.9;11:04;16.4;2:36;23.8;86.5;26.2;52.2;1.8;79.6;21.6;0.0;4.76
2015-09-17;260;24.5;14:40;17.3;23:02;20.8;90.4;46.2;73.4;2.1;234.4;22.0;0.0;4.16
2015-09-16;259;25.5;12:14;18.5;6:14;22.1;86.4;50.3;68.5;2.8;248.8;22.6;0.0;4.58
2015-09-15;258;25.9;12:36;18.6;5:52;22.4;90.0;53.1;70.6;1.9;254.1;22.2;0.0;4.19
2015-09-14;257;28.7;14:28;18.1;5:36;23.6;91.8;55.4;75.0;1.1;231.7;21.2;0.0;3.99
2015-09-13;256;27.7;14:44;20.8;4:52;24.0;90.4;55.0;76.6;1.9;251.8;18.6;0.0;4.0
2015-09-12;255;31.1;15:06;22.8;23:38;26.0;87.9;37.6;60.4;1.2;237.6;15.6;0.0;3.88
2015-09-11;254;27.9;13:34;18.8;5:58;24.2;90.2;40.5;73.1;0.7;187.5;21.1;0.0;3.85
2015-09-10;253;27.8;12:22;20.9;2:06;24.2;90.5;58.3;78.6;0.9;197.9;21.7;0.0;4.03
2015-09-09;252;27.0;12:22;19.8;5:16;23.5;86.4;63.0;77.3;1.0;223.7;22.0;0.0;4.01
2015-09-08;251;26.9;14:42;20.1;3:26;23.7;92.5;57.8;75.2;1.2;98.2;22.6;9.4;4.17
2015-09-07;250;29.4;14:28;22.0;0:08;24.7;91.9;53.4;72.2;1.3;52.2;12.8;3.4;3.21
2015-09-06;249;29.9;13:14;21.5;6:08;25.0;96.3;49.3;69.9;1.5;57.1;15.9;3.6;3.79
2015-09-05;248;31.0;12:46;21.2;1:48;25.8;75.3;45.6;63.6;1.7;74.8;16.9;0.0;4.42
2015-09-04;247;27.5;13:30;18.4;5:28;22.7;89.1;44.7;69.1;1.4;241.4;23.0;0.0;4.48
2015-09-03;246;27.9;14:02;21.0;22:46;24.3;82.4;52.0;68.3;2.2;251.6;23.5;0.0;4.98
2015-09-02;245;30.4;14:24;22.0;6:00;25.9;83.2;40.5;66.8;1.7;240.8;22.2;0.0;5.08
2015-09-01;244;29.1;13:12;24.5;3:00;26.3;89.3;55.4;77.2;1.2;204.9;22.7;0.0;4.65
2015-08-31;243;30.2;10:18;25.3;23:58;27.5;86.1;60.8;75.0;1.2;186.7;18.4;0.0;4.11
2015-08-30;242;34.8;14:34;25.9;2:50;29.6;81.0;43.2;60.6;1.7;86.3;21.7;0.0;5.62
2015-08-29;241;33.2;14:44;23.1;6:10;28.3;85.0;43.9;62.9;1.9;95.1;21.9;0.0;5.46
2015-08-28;240;34.7;14:16;23.0;1:14;28.0;88.4;38.7;66.2;1.6;89.2;22.8;0.0;5.65
2015-08-27;239;29.5;12:48;23.3;0:46;26.0;87.8;61.9;76.1;0.8;203.5;23.0;0.0;4.54
2015-08-26;238;30.8;11:48;23.5;5:38;26.4;84.8;42.7;68.1;1.1;237.8;24.0;0.0;5.06
2015-08-25;237;29.8;12:46;19.4;5:44;25.0;85.2;41.4;70.0;1.1;177.8;24.7;0.0;4.93
2015-08-24;236;29.3;13:06;19.4;4:42;23.9;85.2;44.1;68.6;1.5;232.4;24.9;0.0;5.12
2015-08-23;235;28.7;9:32;21.4;5:30;25.1;88.9;49.9;68.9;2.9;253.9;21.9;0.0;5.2
2015-08-22;234;30.9;11:54;24.4;5:00;27.6;76.2;39.0;60.9;2.0;234.5;25.3;0.0;6.01
2015-08-21;233;36.9;14:44;26.6;23:00;30.6;64.3;20.9;43.7;1.8;86.7;25.1;0.0;7.09
2015-08-20;232;35.1;13:24;26.1;5:24;30.1;76.8;35.7;53.9;1.8;87.3;24.9;0.0;6.45
2015-08-19;231;31.3;9:14;23.9;3:10;27.7;81.9;55.4;70.8;1.1;146.9;24.2;0.0;5.14
2015-08-18;230;28.8;13:52;22.7;5:28;25.8;84.4;60.0;74.2;0.9;153.2;24.8;0.0;4.86
2015-08-17;229;29.7;14:08;21.6;4:42;25.1;82.8;54.9;72.6;1.2;205.2;25.8;0.0;5.18
2015-08-16;228;32.1;10:00;23.3;0:22;26.8;73.3;46.8;64.6;1.3;170.0;25.4;0.0;5.61
2015-08-15;227;28.9;12:22;21.0;3:36;24.8;83.4;44.1;67.3;1.3;197.3;25.6;0.0;5.21
2015-08-14;226;31.9;10:50;22.3;5:20;27.2;74.8;17.6;50.0;1.7;224.2;26.6;0.0;6.37
2015-08-13;225;35.3;12:48;25.9;4:56;29.5;85.9;28.7;59.8;2.2;243.8;24.9;0.0;6.95
2015-08-12;224;32.0;10:28;25.9;5:22;29.1;85.4;59.7;75.3;0.9;164.0;24.6;0.0;5.29
2015-08-11;223;31.2;12:40;26.8;3:08;28.3;84.1;67.8;77.7;0.7;160.0;16.9;0.0;3.83
2015-08-10;222;31.4;17:10;26.9;5:22;28.5;84.9;68.3;79.7;1.1;209.7;10.7;0.0;2.93
2015-08-09;221;34.8;10:20;27.7;23:14;30.5;84.4;38.1;60.6;1.5;114.9;18.8;0.0;5.25
2015-08-08;220;33.1;16:02;28.3;0:54;30.4;85.0;38.7;69.6;1.7;164.1;20.8;0.0;5.54
2015-08-07;219;34.2;21:24;28.0;5:20;30.2;88.3;45.5;75.7;1.3;167.4;24.0;0.0;5.79
2015-08-06;218;32.0;12:50;27.5;5:08;29.2;88.2;65.9;79.9;1.0;199.3;19.5;0.0;4.49
2015-08-05;217;31.7;11:56;25.3;3:30;28.3;84.0;64.9;76.3;0.9;174.7;23.7;0.0;5.09
2015-08-04;216;31.6;15:10;25.5;4:36;28.2;88.4;55.8;75.9;1.0;184.3;25.0;0.0;5.38
2015-08-03;215;40.1;12:44;25.9;5:42;31.0;83.7;18.5;52.8;1.8;292.9;25.9;0.0;7.81
2015-08-02;214;34.9;13:36;27.0;0:32;30.2;70.9;43.0;56.5;2.1;74.0;25.5;0.0;6.85
2015-08-01;213;30.9;10:20;22.8;5:14;27.4;89.7;62.3;74.9;1.2;161.7;26.3;0.0;5.45
2015-07-31;212;31.3;9:08;25.3;23:48;28.4;83.5;59.2;74.6;1.2;184.9;16.7;0.0;4.1
2015-07-30;211;31.4;15:08;25.0;2:38;28.3;87.7;63.5;76.6;0.9;184.7;25.9;0.0;5.46
2015-07-29;210;31.6;13:52;26.2;0:00;28.6;90.3;64.5;79.6;1.1;196.8;24.6;0.0;5.35
2015-07-28;209;33.0;12:10;23.4;2:16;28.2;89.9;54.0;78.2;1.0;201.0;25.9;0.0;5.6
2015-07-27;208;30.3;15:22;25.3;23:58;27.5;91.1;59.3;79.2;1.4;228.4;26.7;0.0;5.66
2015-07-26;207;32.6;9:04;26.1;3:32;28.8;87.2;52.7;73.9;1.2;162.2;26.7;0.0;5.94
2015-07-25;206;32.4;15:26;25.1;4:16;28.2;89.9;54.4;75.2;1.0;134.9;27.2;0.0;5.84
2015-07-24;205;30.8;14:12;25.8;23:36;28.3;85.9;59.1;74.5;1.6;231.2;26.2;0.0;5.77
2015-07-23;204;33.0;8:08;25.5;4:02;28.9;83.5;41.3;70.3;1.3;167.4;26.5;0.0;6.1
2015-07-22;203;31.8;13:52;24.8;4:50;28.3;91.9;55.8;74.6;0.9;171.7;26.4;0.0;5.61
2015-07-21;202;31.0;14:08;25.0;3:12;28.0;88.5;66.5;77.9;1.0;178.9;26.9;0.0;5.63
2015-07-20;201;31.1;13:44;25.3;1:48;28.0;88.3;62.3;77.5;0.9;171.4;27.1;0.0;5.68
2015-07-19;200;30.6;14:58;23.7;3:20;27.7;86.2;61.5;74.4;0.9;185.7;26.9;0.0;5.56
2015-07-18;199;31.0;11:50;25.4;4:16;28.4;82.8;43.5;69.1;1.4;211.6;26.8;0.0;6.01
2015-07-17;198;37.3;16:32;24.0;0:30;30.1;85.0;24.2;50.8;1.4;111.6;26.6;0.0;6.84
2015-07-16;197;34.3;14:26;24.3;0:00;29.7;69.2;26.3;51.0;1.2;168.8;27.8;0.0;6.47
2015-07-15;196;32.1;14:00;23.4;4:18;27.9;89.1;44.1;70.6;1.1;174.9;27.6;0.0;5.95
2015-07-14;195;30.3;13:46;23.5;3:26;27.1;90.8;64.1;78.7;0.8;178.9;27.3;0.0;5.55
2015-07-13;194;29.7;12:12;22.8;5:12;26.7;87.5;65.3;78.0;0.9;183.3;27.2;0.0;5.48
2015-07-12;193;29.9;11:56;24.6;5:10;26.9;83.2;65.1;76.0;0.9;174.3;27.1;0.0;5.56
2015-07-11;192;29.3;14:50;23.0;3:40;26.5;91.0;64.8;77.4;0.9;178.3;27.7;0.0;5.53
2015-07-10;191;29.6;12:40;23.4;3:58;26.4;89.2;66.3;78.4;1.3;192.7;26.6;0.0;5.44
2015-07-09;190;33.7;10:46;23.4;0:18;28.0;88.7;41.8;67.8;1.2;148.8;26.8;0.0;6.08
2015-07-08;189;31.1;11:22;21.6;5:00;26.8;88.1;48.1;69.5;0.8;163.4;27.5;0.0;5.61
2015-07-07;188;40.5;8:42;22.8;1:38;29.6;81.0;11.8;44.3;1.1;227.6;28.1;0.0;7.22
2015-07-06;187;35.7;7:28;24.0;1:22;30.6;83.4;17.6;47.4;1.5;265.0;28.4;0.0;7.06
2015-07-05;186;30.8;14:18;23.6;4:46;27.0;89.8;33.6;74.5;1.2;240.0;27.5;0.0;5.97
2015-07-04;185;31.9;13:36;22.8;2:40;27.0;92.7;51.1;72.7;1.1;225.2;27.1;0.0;5.78
2015-07-03;184;33.2;10:32;24.0;4:24;27.9;86.6;51.5;71.3;1.3;174.7;26.7;0.0;6.01
2015-07-02;183;29.8;13:44;23.4;4:42;26.2;87.8;50.4;71.4;1.0;206.7;24.5;0.0;5.19
2015-07-01;182;31.6;1:18;23.0;4:12;26.7;87.9;25.7;70.2;1.6;232.2;26.9;0.0;6.34
2015-06-30;181;35.8;7:42;23.2;22:26;29.3;86.2;15.3;47.1;1.6;251.3;28.2;0.0;7.21
2015-06-29;180;40.3;13:28;19.9;4:38;31.4;80.6;14.5;33.8;1.5;94.6;29.2;0.0;7.77
2015-06-28;179;33.4;10:02;20.2;2:44;26.9;81.6;20.9;46.7;0.9;192.8;29.3;0.0;6.17
2015-06-27;178;32.4;15:12;18.8;4:58;26.0;78.0;26.7;45.7;0.9;225.6;29.4;0.0;6.04
2015-06-26;177;28.4;8:26;20.4;2:42;25.0;73.3;33.7;51.7;0.8;198.4;29.2;0.0;5.64
2015-06-25;176;28.0;11:14;21.4;3:56;24.6;82.7;44.7;68.2;1.1;139.7;28.3;0.0;5.63
2015-06-24;175;29.9;7:58;22.6;23:16;25.3;86.7;32.4;62.8;1.1;188.3;25.2;0.0;5.46
2015-06-23;174;29.0;14:38;18.3;5:04;23.6;88.7;39.2;69.1;1.8;168.5;28.0;0.0;5.94
2015-06-22;173;29.1;12:22;20.0;3:06;24.1;85.6;40.2;62.2;1.2;224.4;28.8;0.0;5.8
2015-06-21;172;33.3;10:44;20.7;0:30;27.2;73.9;24.0;42.8;1.4;134.2;28.3;0.0;6.58
2015-06-20;171;28.5;12:06;16.7;4:42;24.0;74.3;35.0;51.8;1.1;215.4;29.5;0.0;5.76
2015-06-19;170;26.9;17:04;16.3;4:58;22.8;73.7;36.4;55.6;0.8;199.9;29.5;0.0;5.39
2015-06-18;169;30.8;12:26;19.7;0:00;25.0;69.7;31.0;46.3;1.8;96.7;29.6;0.0;6.72
2015-06-17;168;27.1;14:42;15.0;4:12;22.2;91.4;31.6;57.4;0.9;180.7;29.4;0.0;5.39
2015-06-16;167;24.8;11:16;15.7;3:44;19.7;88.1;45.9;72.8;0.9;169.2;29.5;0.0;5.09
2015-06-15;166;24.1;14:08;14.7;2:18;19.6;87.2;50.6;67.5;2.7;248.4;27.4;0.0;5.21
2015-06-14;165;23.3;11:44;16.2;4:16;19.7;81.1;45.5;63.5;2.5;249.5;20.8;0.0;4.6
2015-06-13;164;26.3;10:22;17.7;23:48;21.4;75.7;33.1;55.7;4.0;251.5;28.9;0.0;7.01
2015-06-12;163;25.7;13:40;17.8;4:50;22.4;91.3;47.9;67.5;2.4;248.5;28.9;0.0;5.64
2015-06-11;162;26.1;13:54;18.9;0:00;22.3;92.5;54.7;77.0;1.4;227.2;15.5;2.2;3.53
2015-06-10;161;29.4;8:24;18.4;1:20;23.4;82.4;29.2;63.3;1.1;165.6;27.3;0.0;5.59
2015-06-09;160;28.2;8:50;19.6;4:02;23.5;75.6;27.5;57.9;1.1;215.5;19.4;0.0;4.55
2015-06-08;159;32.6;13:44;21.2;0:48;26.5;54.3;24.1;34.5;1.7;92.7;27.9;0.0;6.9
2015-06-07;158;31.1;11:00;20.0;22:28;26.1;52.7;21.3;32.2;2.0;82.0;28.9;0.0;7.11
2015-06-06;157;32.7;14:06;19.5;5:28;26.6;86.7;15.5;38.3;1.7;90.5;23.0;0.0;6.14
2015-06-05;156;31.2;12:32;19.4;2:10;25.3;69.2;28.4;47.9;1.4;120.2;29.0;0.0;6.36
2015-06-04;155;31.9;12:20;20.0;22:56;26.5;60.1;18.4;33.3;2.2;71.2;29.6;0.0;7.49
2015-06-03;154;32.6;12:18;20.0;23:30;26.9;47.4;17.7;29.9;2.0;71.1;29.8;0.0;7.5
2015-06-02;153;31.6;14:22;17.7;2:32;24.4;87.8;27.1;50.0;1.4;108.0;29.1;0.0;6.29
2015-06-01;152;24.7;13:50;18.7;23:30;21.9;85.5;65.5;78.4;0.8;166.8;20.2;0.0;3.85
2015-05-31;151;25.4;13:02;19.4;5:00;22.1;87.4;62.0;76.7;1.3;206.6;28.8;0.0;5.22
2015-05-30;150;25.1;13:12;17.3;4:56;21.1;88.0;66.5;79.3;1.0;154.6;26.0;0.0;4.62
2015-05-29;149;26.5;12:34;18.7;23:16;22.5;86.4;20.9;52.8;1.7;228.4;20.5;0.0;4.98
2015-05-28;148;30.9;13:06;19.5;0:00;24.5;68.8;18.5;39.5;2.1;66.5;27.7;0.0;6.99
2015-05-27;147;25.0;13:08;15.3;2:32;20.9;87.0;38.9;66.6;1.1;139.6;28.3;0.0;5.09
2015-05-26;146;24.7;11:00;15.9;2:20;20.4;78.2;44.7;63.0;1.5;253.2;28.5;0.0;5.25
2015-05-25;145;25.3;15:16;16.1;23:22;20.6;80.5;32.3;52.4;1.2;79.0;10.8;0.0;3.18
2015-05-24;144;23.8;10:46;16.9;4:40;20.1;64.4;32.1;51.0;1.5;83.9;11.6;0.0;3.57
2015-05-23;143;25.9;12:24;16.1;4:08;20.7;64.4;29.2;52.4;1.5;91.9;26.1;0.0;5.38
2015-05-22;142;25.5;12:24;16.0;5:04;20.4;75.5;35.4;57.3;1.7;86.7;24.7;0.0;5.13
2015-05-21;141;24.5;9:46;17.1;23:56;20.4;74.7;43.1;60.0;1.5;117.3;22.3;0.0;4.57
2015-05-20;140;24.8;11:54;19.0;0:00;21.0;75.7;50.5;64.9;1.7;92.9;12.2;0.0;3.41
2015-05-19;139;26.3;15:44;17.3;5:12;21.7;87.4;49.2;71.4;1.9;195.6;27.3;0.4;5.31
2015-05-18;138;30.1;14:02;17.1;4:02;23.3;86.9;21.7;47.1;2.0;75.7;27.5;0.0;6.43
2015-05-17;137;27.8;15:22;17.4;5:12;22.3;59.1;27.3;42.8;1.8;94.3;29.1;0.0;6.25
2015-05-16;136;24.9;11:52;16.3;0:28;20.3;83.5;36.8;65.3;1.4;120.6;28.1;0.0;5.2
2015-05-15;135;27.3;9:56;16.9;23:34;21.7;87.0;41.3;68.9;1.6;133.8;26.9;0.0;5.35
2015-05-14;134;30.0;8:24;15.7;2:18;22.4;90.1;22.9;67.4;0.7;131.5;25.9;0.0;4.94
2015-05-13;133;23.8;15:26;15.5;3:52;20.1;94.3;71.1;80.5;0.7;190.5;26.1;0.0;4.36
2015-05-12;132;24.5;13:12;13.9;4:26;20.0;90.4;50.4;70.0;0.8;214.2;27.5;0.0;4.64
2015-05-11;131;25.1;12:00;15.8;3:18;20.9;86.8;37.2;66.1;1.2;232.5;27.9;0.0;5.05
2015-05-10;130;31.6;13:14;19.4;23:38;25.5;73.1;20.1;37.3;2.2;73.6;27.0;0.0;6.91
2015-05-09;129;27.4;14:06;13.9;4:38;21.5;94.7;39.1;66.3;1.0;190.1;27.0;0.0;4.95
2015-05-08;128;24.8;14:04;14.9;3:44;19.2;96.6;51.0;80.0;1.1;201.2;27.5;0.0;4.68
2015-05-07;127;29.7;11:38;13.5;2:16;21.4;94.4;26.0;59.1;1.4;191.3;27.7;0.0;5.65
2015-05-06;126;23.1;13:30;14.7;23:36;18.5;92.3;51.8;79.6;0.9;154.8;26.9;0.0;4.41
2015-05-05;125;23.4;10:08;16.4;22:54;19.6;87.0;49.5;73.2;1.9;248.2;14.3;0.0;3.43
2015-05-04;124;25.2;17:08;17.0;4:20;21.1;92.8;37.9;70.8;1.4;210.0;21.6;0.0;4.35
2015-05-03;123;24.3;13:42;14.2;3:26;19.7;90.9;56.1;75.2;0.8;149.5;22.6;0.0;3.92
2015-05-02;122;25.9;14:42;14.1;5:20;19.8;93.6;39.5;70.4;0.7;169.8;23.6;0.0;4.16
2015-05-01;121;20.6;14:42;15.1;3:34;17.3;96.8;64.6;87.2;0.8;185.1;21.7;0.0;3.47
2015-04-30;120;21.7;11:00;13.2;5:02;17.9;94.0;59.7;80.9;0.9;189.8;25.0;0.0;3.97
2015-04-29;119;21.0;12:52;13.9;2:04;17.2;95.4;69.5;85.1;1.0;163.0;25.6;0.0;3.9
2015-04-28;118;21.4;12:28;12.7;5:32;17.5;93.2;42.4;78.0;0.9;175.3;26.4;0.0;4.17
2015-04-27;117;23.0;11:40;13.7;3:16;17.9;89.6;42.7;68.9;2.2;247.2;26.8;0.0;4.81
2015-04-26;116;23.6;13:10;16.1;4:26;18.9;95.4;50.1;76.4;3.2;247.3;24.4;0.0;4.69
2015-04-25;115;20.0;12:06;14.8;2:58;17.5;96.6;75.6;85.4;0.9;193.6;14.6;0.0;2.51
2015-04-24;114;18.6;15:06;15.1;3:02;16.4;96.8;75.8;88.3;1.0;195.0;12.5;0.0;2.18
2015-04-23;113;20.8;14:58;13.9;5:46;17.5;93.3;67.3;81.0;0.9;196.2;24.9;0.0;3.81
2015-04-22;112;21.1;14:28;16.5;6:26;18.3;90.2;49.7;67.9;1.6;193.1;24.0;0.0;4.1
2015-04-21;111;25.6;12:26;16.3;4:08;19.7;72.4;30.6;46.6;2.3;71.6;20.0;0.0;5.04
2015-04-20;110;25.2;12:44;13.5;3:48;19.2;94.8;30.5;55.6;1.6;83.4;26.3;0.0;4.88
2015-04-19;109;21.0;11:24;12.9;6:00;16.9;97.2;61.1;82.3;0.7;161.0;24.7;0.0;3.72
2015-04-18;108;20.6;14:24;11.8;5:38;16.6;95.1;62.8;82.4;1.1;219.7;23.1;0.2;3.52
2015-04-17;107;21.5;12:18;11.9;5:32;16.1;99.0;60.0;87.5;0.6;175.5;24.8;0.0;3.66
2015-04-16;106;20.4;14:12;13.4;1:12;16.9;99.8;66.1;85.3;2.1;246.9;23.8;0.8;3.58
2015-04-15;105;19.7;7:24;13.8;23:52;16.0;99.7;53.1;89.4;0.8;189.3;2.7;18.4;1.25
2015-04-14;104;27.5;16:38;16.8;23:44;23.8;80.4;17.1;28.5;2.1;37.3;19.9;0.0;5.15
2015-04-13;103;26.7;14:56;17.9;6:02;22.3;49.0;23.5;36.2;2.2;50.3;21.7;0.0;5.61
2015-04-12;102;22.2;15:56;13.3;0:56;18.4;92.2;30.3;58.3;2.2;64.5;20.4;3.6;4.21
2015-04-11;101;18.0;13:46;13.6;23:56;15.1;98.4;65.3;83.7;1.0;116.4;7.3;8.6;1.61
2015-04-10;100;22.0;12:30;11.6;4:04;16.2;77.5;43.7;62.6;1.2;88.8;23.2;0.0;3.82
2015-04-09;99;21.2;14:28;11.7;23:30;16.5;83.4;42.0;54.8;1.6;75.1;17.8;0.0;3.43
2015-04-08;98;18.6;14:30;14.5;5:14;16.2;59.5;38.5;47.9;3.0;72.8;18.0;0.0;4.28
2015-04-07;97;17.6;14:42;14.5;22:20;15.5;60.8;43.6;51.5;2.9;70.3;8.4;0.0;3.29
2015-04-06;96;19.9;15:22;14.9;1:22;16.7;78.7;31.3;56.0;2.4;78.2;8.0;0.0;3.18
2015-04-05;95;19.0;14:08;13.0;3:52;16.1;89.4;63.1;77.2;1.1;140.3;22.3;0.0;3.27
2015-04-04;94;19.2;14:26;11.8;4:08;15.7;94.4;66.5;80.4;1.0;168.1;20.0;0.0;2.94
2015-04-03;93;18.5;10:04;11.0;6:08;14.9;91.6;60.7;81.5;0.7;177.6;21.2;0.0;2.99
2015-04-02;92;22.4;13:14;12.6;0:00;17.6;88.0;45.3;61.2;1.4;100.6;23.5;0.0;3.86
2015-04-01;91;26.7;11:22;13.7;5:40;19.5;92.4;27.8;58.2;1.7;89.5;23.2;0.0;4.67
2015-03-31;90;23.5;16:56;12.6;5:14;18.1;95.1;55.2;80.7;0.6;176.7;23.4;0.0;3.53
2015-03-30;89;23.3;10:04;11.3;6:12;17.2;98.0;46.6;81.6;0.6;146.6;20.8;0.0;3.19
2015-03-29;88;23.9;10:40;10.6;6:14;17.0;97.1;40.9;80.1;0.7;164.8;22.4;0.2;3.43
2015-03-28;87;21.0;12:50;10.9;6:00;16.1;97.8;62.4;84.3;0.7;164.1;23.2;0.0;3.25
2015-03-27;86;20.5;12:50;12.1;6:30;15.7;96.0;55.9;77.7;0.9;192.1;23.0;0.0;3.26
2015-03-26;85;17.7;10:10;11.3;2:42;14.5;81.7;20.9;45.5;1.5;290.4;22.6;0.0;3.59
2015-03-25;84;17.5;14:46;9.0;3:10;13.2;92.1;23.2;53.5;2.1;348.9;9.1;0.6;2.79
2015-03-24;83;16.4;12:54;9.8;23:04;13.4;96.6;50.5;74.7;1.9;241.4;16.8;8.2;2.64
2015-03-23;82;20.4;13:06;12.1;6:10;15.0;87.7;48.2;74.5;1.8;287.9;17.8;0.0;3.15
2015-03-22;81;17.4;14:04;10.1;2:18;13.8;93.7;68.4;83.1;0.8;172.2;19.5;0.0;2.57
2015-03-21;80;17.8;13:38;8.6;6:14;13.4;99.3;62.6;84.1;1.3;229.4;19.7;0.0;2.63
2015-03-20;79;19.4;10:36;9.9;0:00;14.6;99.4;57.9;77.4;1.8;59.1;7.3;40.6;1.89
2015-03-19;78;19.7;21:30;10.8;0:26;16.0;86.1;42.4;65.3;2.0;54.0;10.1;0.0;2.64
2015-03-18;77;17.5;15:04;10.6;2:00;13.3;92.0;55.9;74.4;1.0;56.4;5.6;6.4;1.49
2015-03-17;76;19.0;12:48;11.7;0:00;14.6;79.9;38.2;58.8;2.0;82.3;17.4;0.8;3.26
2015-03-16;75;18.0;12:42;10.2;0:56;13.9;83.5;51.5;69.7;1.4;89.7;16.2;0.0;2.59
2015-03-15;74;17.7;12:48;11.3;23:02;13.9;85.0;46.5;67.8;0.9;129.4;19.1;0.0;2.65
2015-03-14;73;16.8;10:16;9.4;4:32;13.1;93.8;69.3;83.3;0.8;115.0;10.0;0.4;1.61
2015-03-13;72;20.6;12:28;8.6;4:00;14.3;99.3;53.5;79.2;0.9;121.2;18.3;0.0;2.58
2015-03-12;71;17.6;13:12;6.6;6:12;12.4;98.8;73.6;90.0;0.6;161.3;16.7;0.0;2.07
2015-03-11;70;19.5;12:42;8.8;3:44;13.6;92.8;47.1;72.3;0.8;230.0;19.8;0.0;2.62
2015-03-10;69;17.4;13:38;6.8;5:16;12.8;92.1;53.3;75.8;0.7;152.2;19.6;0.0;2.4
2015-03-09;68;16.9;14:06;8.6;23:22;12.4;92.5;56.3;75.9;0.8;147.1;18.1;0.0;2.27
2015-03-08;67;19.7;14:18;3.7;6:18;12.3;88.2;38.8;65.9;0.9;120.6;17.8;0.0;2.49
2015-03-07;66;17.0;12:52;6.4;23:52;11.7;86.3;28.6;57.6;1.2;355.3;20.2;0.0;2.72
2015-03-06;65;17.5;11:46;8.6;5:34;12.4;52.9;20.8;34.3;1.6;5.4;20.0;0.0;3.29
2015-03-05;64;19.6;12:22;7.1;20:50;13.5;77.1;15.8;45.8;1.6;95.8;20.0;0.0;3.34
2015-03-04;63;15.7;20:08;12.5;7:24;13.8;100.0;58.9;92.3;0.8;116.7;6.8;0.0;1.34
2015-03-03;62;16.4;13:42;11.3;6:36;13.8;100.0;86.0;97.3;0.6;160.6;8.3;0.0;1.26
2015-03-02;61;18.5;14:34;10.5;5:50;13.8;100.0;74.0;92.8;0.6;121.1;14.6;0.2;1.87
2015-03-01;60;18.6;13:08;7.5;5:36;13.2;96.0;58.7;82.7;0.5;157.8;16.5;0.0;2.0
2015-02-28;59;17.5;10:06;10.1;0:00;14.1;86.7;32.1;65.7;1.0;173.9;16.9;0.0;2.38
2015-02-27;58;21.8;12:04;14.5;0:02;18.2;82.8;27.5;51.5;2.0;279.5;17.6;0.0;3.46
2015-02-26;57;22.3;10:10;11.7;2:16;17.2;92.3;30.9;53.2;1.6;259.3;17.9;0.0;3.11
2015-02-25;56;19.9;11:36;11.0;22:30;14.8;85.3;21.3;49.4;1.3;301.6;9.0;0.0;2.39
2015-02-24;55;20.0;10:18;12.4;19:34;16.1;74.4;16.2;44.4;2.0;296.0;17.6;0.0;3.47
2015-02-23;54;19.8;14:34;8.6;5:06;15.2;86.9;33.9;64.7;1.4;252.9;17.9;0.0;2.68
2015-02-22;53;18.1;23:06;10.6;2:32;15.2;80.9;24.6;55.3;1.5;233.9;17.5;0.0;2.73
2015-02-21;52;20.6;15:34;7.4;6:26;13.6;82.6;30.6;61.1;1.6;313.1;15.1;0.0;2.78
2015-02-20;51;17.3;15:14;8.3;22:30;13.6;86.6;46.7;60.6;1.3;38.2;5.7;0.0;1.63
2015-02-19;50;17.9;14:02;12.1;4:58;14.3;63.4;37.1;53.2;2.1;56.9;15.4;0.0;2.96
2015-02-18;49;16.5;12:06;11.2;3:06;13.9;86.7;51.0;64.2;2.8;61.6;13.3;1.6;2.42
2015-02-17;48;14.4;0:24;8.6;11:42;12.0;95.9;52.9;74.5;1.4;39.0;1.4;29.6;1.16
2015-02-16;47;18.8;14:42;9.1;6:16;14.6;89.5;43.4;61.7;1.2;259.5;15.6;0.0;2.17
2015-02-15;46;20.2;12:00;8.9;0:14;15.5;88.7;34.8;63.1;2.0;269.7;10.4;0.0;2.54
2015-02-14;45;16.5;12:42;7.8;5:30;12.2;94.3;49.4;74.0;0.6;263.0;6.1;0.0;1.19
2015-02-13;44;16.6;13:02;8.8;5:10;12.4;93.8;67.5;83.8;1.3;272.5;14.6;0.0;1.71
2015-02-12;43;13.8;3:16;10.7;12:50;11.9;90.1;55.4;78.7;1.1;343.1;2.8;7.2;1.12
2015-02-11;42;19.7;14:22;10.2;7:04;14.2;72.2;39.2;55.4;1.8;35.5;13.8;0.0;2.59
2015-02-10;41;16.2;14:10;10.1;0:34;12.7;70.7;38.6;56.7;1.9;56.7;8.9;0.0;2.23
2015-02-09;40;16.0;14:30;6.6;5:12;11.1;69.6;30.9;53.3;2.2;39.8;13.4;0.0;2.59
2015-02-08;39;14.8;14:30;7.0;0:06;9.9;78.4;39.7;62.7;1.6;30.6;12.9;0.6;1.98
2015-02-07;38;16.0;12:34;5.9;3:00;9.6;83.4;30.5;51.0;1.7;18.9;11.5;3.4;2.16
2015-02-06;37;15.2;14:32;8.0;7:22;11.3;44.2;22.2;31.1;2.0;313.4;14.9;0.0;2.76
2015-02-05;36;14.8;13:28;7.1;1:54;11.3;43.3;15.0;25.5;3.1;322.0;15.0;0.0;3.5
2015-02-04;35;14.7;12:46;9.0;18:54;12.1;62.0;19.7;35.5;3.1;310.1;13.1;0.0;3.17
2015-02-03;34;19.1;13:04;5.6;6:02;13.2;81.1;35.5;58.4;2.1;254.1;14.3;0.0;2.53
2015-02-02;33;15.8;14:40;8.3;6:18;12.7;74.8;29.4;45.3;2.4;283.0;14.2;0.0;2.55
2015-02-01;32;17.0;12:26;10.6;18:36;13.0;44.8;15.8;32.5;2.3;310.3;14.3;0.0;3.23
2015-01-31;31;21.6;13:34;11.1;22:58;16.1;84.8;16.8;58.7;5.2;286.5;11.2;0.0;4.89
2015-01-30;30;21.0;14:02;11.2;0:18;16.1;88.5;55.8;73.9;3.3;250.5;11.2;0.0;2.5
2015-01-29;29;17.9;14:18;5.2;6:00;12.4;88.1;44.3;70.5;1.2;270.9;12.5;0.0;1.68
2015-01-28;28;17.7;12:48;5.5;4:56;11.6;95.0;41.4;72.9;0.7;221.8;13.2;0.0;1.41
2015-01-27;27;17.0;13:02;7.1;23:56;11.9;93.9;47.8;70.2;1.1;277.2;13.3;0.0;1.54
2015-01-26;26;18.0;11:28;5.0;2:14;11.3;77.4;31.5;54.0;1.0;356.4;13.4;0.0;1.7
2015-01-25;25;17.6;15:12;4.4;5:26;11.4;80.6;37.8;58.2;0.7;234.1;13.4;0.0;1.39
2015-01-24;24;17.1;10:46;6.8;21:52;12.5;78.3;18.1;42.7;1.3;316.3;11.9;0.0;1.93
2015-01-23;23;17.8;13:06;10.5;5:50;14.2;38.9;17.9;30.4;2.2;314.5;13.4;0.0;3.02
2015-01-22;22;17.1;14:10;7.8;3:46;13.0;62.7;23.5;37.5;1.7;326.0;13.0;0.0;2.24
2015-01-21;21;14.8;12:58;8.7;8:10;11.6;85.5;32.3;58.5;1.4;288.0;12.3;0.2;1.67
2015-01-20;20;15.6;14:12;8.1;6:00;11.4;89.1;34.7;53.7;1.0;325.4;11.4;3.0;1.43
2015-01-19;19;16.7;12:10;8.8;3:22;11.9;91.6;40.5;68.1;1.3;326.3;7.8;1.2;1.52
2015-01-18;18;15.2;12:04;7.2;6:20;11.0;82.0;34.5;52.1;1.5;311.8;6.6;0.4;1.65
2015-01-17;17;16.8;14:12;8.9;23:40;12.3;66.2;26.7;46.3;1.6;330.5;12.9;0.0;2.07
2015-01-16;16;17.8;12:14;11.7;23:58;14.8;92.5;31.3;56.5;2.5;275.2;7.4;1.4;2.26
2015-01-15;15;17.6;11:26;7.9;5:54;14.0;90.4;62.9;78.6;1.8;256.5;10.6;0.0;1.46
2015-01-14;14;18.3;14:22;9.7;2:40;13.4;94.3;61.5;76.9;0.6;349.3;9.1;0.0;1.06
2015-01-13;13;18.0;11:54;9.4;21:44;13.0;93.9;58.3;76.4;0.7;330.0;7.0;0.0;1.04
2015-01-12;12;19.2;11:56;11.3;23:04;15.0;79.7;29.3;52.3;1.2;70.4;6.1;0.0;1.73
2015-01-11;11;17.5;12:40;5.0;6:14;12.2;92.8;29.1;63.4;0.6;320.2;10.0;0.0;1.12
2015-01-10;10;16.7;13:54;7.0;23:54;11.1;93.7;26.3;64.0;1.0;307.4;12.0;0.0;1.41
2015-01-09;9;19.2;12:34;7.2;20:24;12.5;87.9;40.6;59.3;1.2;40.6;11.7;0.0;1.57
2015-01-08;8;18.6;12:50;10.0;1:54;13.1;79.4;47.8;64.7;1.3;34.4;11.1;0.0;1.58
2015-01-07;7;19.4;12:26;8.6;6:08;12.9;78.5;45.2;62.8;1.2;34.0;10.7;0.0;1.57
2015-01-06;6;17.4;12:48;7.8;7:18;12.0;88.1;58.4;73.3;1.6;312.1;10.8;0.0;1.42
2015-01-05;5;18.1;10:40;5.4;1:38;12.3;88.5;34.1;64.1;0.8;305.8;11.3;0.0;1.23
2015-01-04;4;18.2;14:20;6.0;23:58;11.3;94.1;36.5;67.7;0.6;251.2;11.6;0.0;1.08
2015-01-03;3;17.2;12:18;7.0;6:06;11.3;81.1;38.7;60.2;0.8;306.8;11.5;0.0;1.2
2015-01-02;2;17.1;11:14;8.0;7:36;11.4;85.3;43.5;63.1;1.5;344.4;11.3;0.0;1.57
2015-01-01;1;17.7;12:30;4.1;3:40;11.5;69.4;27.2;51.7;1.2;44.9;11.2;0.0;1.6
